problem,algo,blockSize,refPoints,popSize,cxpb,iterations,coverages
3OMM,nsga2,20,0,441,0,500,"[98, 105, 111, 121, 122, 124, 133, 131, 136, 134, 144, 149, 157, 165, 169, 170, 176, 178, 180, 179, 179, 177, 166, 162, 173, 174, 178, 171, 170, 177, 177, 172, 168, 169, 172, 180, 177, 178, 185, 191, 192, 185, 184, 192, 184, 191, 188, 188, 194, 189, 186, 185, 183, 180, 180, 180, 185, 178, 179, 187, 182, 183, 184, 175, 185, 182, 180, 180, 174, 172, 173, 178, 180, 180, 175, 180, 184, 182, 178, 185, 175, 178, 185, 185, 175, 190, 193, 195, 194, 197, 194, 191, 186, 190, 184, 184, 183, 185, 187, 189, 181, 173, 179, 177, 178, 177, 179, 180, 176, 173, 172, 177, 174, 182, 169, 171, 174, 173, 176, 177, 176, 178, 174, 167, 171, 174, 172, 177, 183, 186, 180, 180, 178, 178, 176, 172, 170, 169, 176, 179, 178, 173, 173, 166, 173, 175, 167, 171, 173, 170, 177, 177, 180, 182, 171, 176, 178, 188, 185, 177, 175, 180, 173, 173, 168, 170, 173, 176, 181, 183, 177, 181, 187, 178, 177, 179, 170, 176, 178, 180, 172, 175, 168, 173, 175, 166, 162, 154, 168, 171, 174, 167, 175, 172, 182, 177, 175, 170, 177, 167, 172, 174, 182, 180, 179, 174, 176, 177, 179, 177, 173, 169, 165, 166, 165, 174, 171, 165, 171, 175, 181, 176, 176, 185, 184, 183, 170, 176, 184, 184, 176, 175, 178, 182, 180, 170, 170, 173, 183, 182, 174, 178, 177, 175, 177, 176, 180, 168, 173, 168, 173, 173, 175, 174, 176, 176, 173, 178, 178, 179, 171, 166, 175, 169, 175, 172, 166, 171, 174, 173, 164, 168, 165, 170, 170, 169, 169, 171, 169, 169, 160, 156, 161, 169, 161, 152, 157, 157, 156, 163, 170, 164, 171, 171, 164, 163, 158, 157, 158, 162, 168, 163, 164, 170, 166, 159, 167, 155, 160, 167, 171, 163, 163, 160, 161, 166, 169, 174, 168, 167, 175, 173, 175, 170, 168, 169, 164, 163, 164, 166, 166, 170, 172, 170, 170, 180, 186, 175, 178, 177, 180, 178, 175, 177, 177, 178, 179, 172, 182, 173, 175, 179, 179, 176, 177, 172, 163, 170, 169, 172, 169, 178, 178, 175, 177, 176, 174, 172, 169, 163, 167, 167, 166, 173, 173, 168, 170, 167, 170, 171, 169, 163, 169, 172, 173, 171, 180, 175, 169, 175, 167, 177, 174, 175, 173, 170, 172, 170, 171, 166, 168, 175, 170, 167, 176, 172, 172, 181, 171, 176, 179, 178, 173, 175, 173, 177, 184, 169, 174, 179, 175, 168, 168, 173, 174, 174, 166, 177, 184, 171, 172, 169, 176, 176, 169, 171, 176, 178, 172, 168, 171, 173, 171, 170, 160, 159, 167, 171, 173, 175, 173, 170, 162, 167, 168, 173, 166, 163, 168, 170, 168, 167, 172, 172, 176, 171, 170, 166, 172, 173, 177, 170, 172, 166, 161, 166, 153, 170, 171, 171, 175, 172, 188, 182, 185, 186, 191, 182, 168, 174, 172, 178, 168, 172, 174, 175, 174, 174, 173, 172]"
3OMM,nsga2,20,0,882,0,500,"[123, 122, 131, 136, 143, 149, 147, 149, 155, 153, 162, 168, 178, 182, 183, 185, 194, 187, 190, 191, 189, 194, 193, 202, 209, 207, 216, 215, 217, 224, 228, 236, 232, 234, 238, 238, 237, 226, 230, 229, 235, 231, 235, 244, 233, 229, 227, 230, 237, 229, 228, 236, 239, 235, 237, 239, 234, 239, 237, 238, 227, 228, 229, 222, 228, 228, 232, 229, 233, 232, 234, 226, 239, 233, 231, 230, 225, 226, 232, 230, 228, 226, 234, 237, 234, 235, 239, 236, 244, 248, 245, 238, 231, 239, 235, 232, 223, 230, 221, 225, 231, 229, 227, 225, 226, 223, 219, 224, 222, 225, 231, 225, 221, 223, 221, 222, 223, 213, 226, 221, 218, 213, 211, 202, 204, 204, 214, 200, 204, 208, 199, 205, 205, 200, 206, 202, 206, 208, 211, 207, 214, 213, 209, 212, 211, 211, 206, 213, 213, 211, 219, 209, 209, 207, 213, 209, 218, 212, 213, 216, 212, 213, 208, 213, 213, 212, 218, 215, 209, 209, 203, 207, 211, 211, 207, 207, 209, 207, 208, 202, 202, 207, 210, 211, 211, 213, 215, 211, 206, 206, 206, 210, 210, 200, 201, 201, 207, 207, 195, 198, 203, 202, 209, 211, 205, 204, 210, 208, 205, 203, 200, 203, 205, 215, 212, 212, 216, 208, 213, 211, 214, 209, 213, 214, 213, 224, 218, 223, 217, 214, 222, 222, 222, 221, 220, 230, 222, 222, 208, 211, 214, 213, 210, 207, 208, 203, 206, 206, 203, 206, 206, 205, 204, 210, 212, 218, 208, 209, 218, 210, 210, 213, 208, 212, 218, 211, 214, 215, 211, 207, 219, 216, 211, 209, 215, 212, 222, 219, 218, 219, 221, 218, 214, 222, 232, 233, 234, 235, 234, 230, 222, 224, 226, 229, 218, 216, 207, 207, 212, 211, 209, 211, 206, 199, 203, 209, 209, 212, 206, 205, 207, 213, 215, 218, 219, 217, 213, 208, 213, 209, 209, 212, 210, 205, 203, 214, 208, 210, 210, 209, 222, 218, 220, 223, 223, 224, 218, 215, 216, 218, 219, 216, 220, 216, 219, 214, 217, 212, 208, 213, 210, 218, 221, 214, 218, 224, 219, 224, 214, 216, 212, 213, 213, 217, 219, 212, 213, 213, 211, 208, 215, 208, 212, 208, 212, 219, 218, 220, 218, 217, 208, 207, 212, 208, 207, 216, 217, 217, 217, 217, 215, 218, 217, 217, 220, 224, 224, 218, 223, 224, 225, 215, 218, 224, 214, 222, 223, 225, 221, 217, 225, 227, 221, 222, 221, 223, 219, 225, 226, 223, 225, 227, 225, 219, 222, 219, 220, 221, 221, 222, 226, 226, 223, 221, 225, 229, 227, 229, 224, 223, 226, 229, 222, 227, 223, 233, 228, 219, 228, 222, 210, 216, 214, 218, 217, 212, 213, 222, 227, 225, 226, 220, 221, 220, 210, 214, 216, 222, 216, 208, 207, 211, 211, 209, 214, 211, 210, 208, 211, 208, 216, 215, 216, 215, 215, 208, 214, 219, 213, 216, 211, 209, 211, 219, 215, 218, 218, 215, 216, 218]"
3OMM,nsga2,20,0,441,0.5,500,"[100, 109, 119, 119, 129, 124, 137, 147, 149, 152, 157, 156, 156, 161, 162, 166, 168, 170, 173, 174, 181, 184, 175, 176, 179, 188, 188, 186, 184, 190, 183, 180, 183, 187, 184, 176, 178, 179, 188, 181, 189, 183, 178, 179, 176, 180, 183, 182, 182, 181, 190, 187, 174, 185, 186, 186, 178, 175, 174, 179, 182, 183, 190, 181, 187, 193, 187, 184, 183, 174, 189, 185, 177, 192, 193, 195, 186, 177, 180, 187, 183, 170, 177, 182, 182, 194, 191, 197, 201, 192, 191, 183, 184, 185, 192, 185, 188, 185, 188, 184, 181, 185, 183, 184, 181, 184, 178, 186, 184, 180, 179, 182, 180, 174, 183, 178, 186, 184, 192, 174, 180, 177, 181, 187, 188, 168, 167, 175, 171, 181, 173, 174, 179, 176, 178, 185, 186, 177, 182, 182, 172, 167, 179, 186, 174, 177, 172, 181, 184, 188, 176, 165, 163, 171, 171, 173, 169, 175, 171, 179, 185, 178, 173, 175, 177, 177, 174, 167, 169, 176, 168, 175, 175, 177, 175, 178, 175, 177, 177, 176, 174, 185, 177, 175, 171, 168, 173, 184, 183, 180, 176, 171, 172, 174, 174, 184, 181, 180, 174, 173, 184, 176, 174, 187, 186, 179, 182, 180, 174, 171, 174, 174, 168, 168, 167, 178, 174, 178, 168, 174, 176, 172, 178, 178, 178, 168, 181, 179, 172, 171, 174, 183, 181, 181, 174, 174, 173, 181, 177, 182, 182, 168, 181, 175, 180, 183, 183, 183, 181, 179, 174, 165, 170, 176, 173, 176, 176, 181, 166, 186, 174, 181, 177, 185, 187, 181, 178, 179, 172, 175, 177, 188, 181, 180, 180, 177, 182, 184, 185, 183, 178, 180, 182, 187, 181, 176, 179, 180, 181, 176, 176, 187, 179, 179, 177, 172, 175, 176, 175, 184, 180, 184, 186, 176, 181, 184, 186, 178, 182, 176, 175, 175, 177, 179, 178, 170, 168, 169, 172, 174, 175, 179, 173, 172, 177, 176, 180, 175, 170, 179, 180, 165, 169, 174, 173, 176, 172, 176, 174, 177, 172, 163, 164, 173, 167, 166, 163, 161, 165, 156, 168, 165, 159, 171, 167, 172, 184, 182, 181, 178, 174, 178, 174, 182, 178, 187, 189, 177, 179, 180, 174, 175, 176, 177, 179, 173, 178, 182, 185, 179, 190, 179, 177, 173, 187, 191, 175, 179, 180, 173, 176, 170, 162, 166, 169, 175, 179, 180, 179, 175, 177, 168, 168, 166, 168, 164, 169, 175, 174, 172, 178, 170, 169, 168, 178, 174, 166, 168, 166, 164, 169, 165, 173, 171, 177, 176, 168, 175, 176, 173, 189, 188, 180, 183, 183, 179, 181, 178, 178, 173, 172, 182, 175, 172, 171, 170, 184, 169, 180, 171, 173, 177, 173, 166, 170, 168, 172, 159, 167, 172, 163, 176, 169, 167, 167, 174, 171, 172, 176, 173, 175, 168, 174, 173, 175, 172, 179, 184, 180, 173, 171, 172, 174, 180, 179, 180, 181, 174, 172, 165, 170, 172, 177, 176, 180, 178, 186, 192, 180, 183]"
3OMM,nsga2,20,0,882,0.5,500,"[120, 129, 140, 140, 145, 148, 155, 156, 154, 159, 164, 165, 167, 170, 174, 177, 175, 181, 188, 187, 182, 181, 192, 184, 196, 189, 193, 189, 198, 201, 214, 207, 207, 202, 204, 210, 208, 201, 207, 209, 208, 199, 202, 204, 206, 208, 207, 206, 215, 214, 217, 202, 207, 206, 206, 201, 215, 215, 205, 212, 211, 216, 217, 215, 212, 220, 220, 212, 210, 219, 222, 216, 215, 216, 222, 220, 225, 218, 217, 219, 219, 218, 204, 212, 205, 212, 222, 213, 220, 210, 213, 209, 210, 213, 220, 221, 213, 216, 213, 216, 210, 223, 207, 213, 218, 218, 222, 227, 211, 211, 201, 203, 203, 203, 201, 196, 202, 209, 209, 204, 205, 214, 205, 200, 205, 207, 209, 213, 202, 203, 205, 213, 216, 220, 225, 217, 215, 217, 208, 221, 220, 212, 207, 212, 210, 215, 209, 213, 214, 212, 208, 207, 201, 204, 204, 205, 205, 201, 195, 204, 207, 214, 208, 209, 208, 198, 201, 211, 215, 210, 211, 211, 209, 210, 220, 220, 208, 201, 201, 203, 202, 198, 194, 201, 204, 203, 199, 203, 203, 206, 200, 208, 207, 198, 200, 204, 200, 205, 212, 207, 211, 212, 211, 206, 207, 206, 208, 207, 199, 206, 204, 210, 216, 211, 213, 216, 204, 210, 216, 209, 205, 213, 214, 217, 214, 211, 218, 223, 218, 214, 214, 212, 210, 202, 211, 211, 211, 205, 202, 202, 209, 212, 212, 205, 218, 207, 197, 204, 205, 206, 205, 206, 200, 200, 200, 205, 215, 225, 209, 213, 212, 217, 212, 207, 210, 204, 201, 205, 217, 210, 205, 210, 212, 204, 202, 203, 204, 207, 208, 203, 204, 205, 208, 206, 205, 214, 214, 217, 216, 213, 209, 208, 208, 206, 201, 210, 210, 206, 207, 207, 202, 204, 203, 209, 210, 207, 206, 206, 202, 216, 211, 204, 210, 206, 202, 204, 206, 202, 210, 204, 192, 197, 201, 201, 199, 202, 210, 217, 208, 208, 204, 205, 204, 220, 218, 207, 209, 212, 208, 202, 215, 214, 202, 200, 204, 196, 209, 201, 189, 201, 205, 209, 211, 216, 200, 208, 210, 209, 213, 217, 210, 216, 215, 205, 211, 209, 205, 199, 199, 204, 201, 197, 195, 202, 190, 199, 194, 195, 193, 195, 194, 201, 203, 201, 202, 204, 210, 211, 209, 213, 212, 204, 208, 205, 202, 209, 210, 202, 210, 201, 203, 208, 208, 213, 207, 197, 206, 207, 215, 217, 208, 212, 209, 212, 210, 204, 200, 205, 203, 210, 204, 208, 214, 207, 212, 215, 206, 212, 219, 218, 215, 210, 216, 217, 214, 208, 216, 212, 211, 224, 214, 217, 222, 213, 205, 206, 206, 202, 204, 205, 204, 210, 205, 202, 203, 208, 212, 208, 205, 213, 213, 219, 219, 217, 216, 221, 217, 215, 219, 215, 209, 217, 214, 207, 202, 206, 213, 207, 197, 193, 202, 206, 217, 207, 214, 211, 209, 206, 208, 211, 206, 212, 213, 217, 216, 210, 207, 212, 208, 211]"
3OMM,nsga2,20,0,1764,0.5,500,"[143, 145, 150, 153, 164, 166, 172, 169, 172, 178, 187, 184, 189, 193, 192, 197, 192, 190, 198, 200, 208, 196, 199, 198, 197, 204, 209, 205, 205, 210, 212, 212, 209, 212, 213, 220, 226, 223, 219, 219, 218, 215, 227, 226, 223, 220, 218, 220, 222, 214, 215, 222, 217, 221, 216, 218, 225, 225, 232, 231, 233, 235, 244, 239, 243, 231, 225, 227, 233, 231, 227, 225, 227, 223, 221, 212, 214, 216, 219, 218, 220, 222, 224, 224, 222, 218, 221, 230, 224, 226, 233, 230, 229, 226, 228, 225, 227, 228, 229, 233, 233, 223, 225, 222, 218, 214, 224, 226, 228, 225, 230, 238, 244, 232, 217, 225, 224, 226, 230, 232, 229, 241, 238, 238, 243, 234, 235, 233, 228, 224, 224, 232, 229, 228, 227, 228, 224, 235, 234, 229, 226, 232, 246, 236, 236, 240, 233, 239, 234, 230, 233, 238, 234, 235, 224, 222, 225, 224, 224, 230, 229, 228, 233, 228, 224, 224, 215, 215, 215, 221, 230, 232, 230, 238, 239, 238, 235, 230, 233, 231, 231, 219, 235, 236, 232, 233, 238, 234, 234, 232, 225, 232, 231, 229, 235, 228, 223, 224, 225, 217, 218, 226, 225, 224, 228, 230, 235, 228, 237, 234, 235, 234, 234, 222, 220, 214, 215, 225, 224, 223, 218, 227, 227, 230, 230, 230, 237, 228, 233, 226, 227, 227, 234, 238, 224, 227, 230, 225, 233, 231, 226, 236, 230, 231, 231, 230, 238, 241, 231, 232, 228, 229, 229, 223, 228, 229, 226, 224, 230, 230, 235, 237, 238, 240, 237, 238, 234, 231, 235, 234, 230, 223, 225, 219, 228, 232, 221, 221, 233, 232, 227, 227, 236, 223, 225, 227, 229, 225, 222, 226, 228, 231, 234, 235, 232, 229, 231, 231, 231, 236, 237, 234, 236, 239, 232, 228, 225, 231, 227, 226, 231, 229, 225, 235, 230, 233, 232, 239, 242, 232, 234, 238, 235, 225, 224, 216, 220, 220, 229, 229, 226, 226, 226, 228, 224, 225, 232, 229, 230, 227, 233, 221, 221, 226, 229, 229, 227, 226, 225, 228, 234, 241, 241, 235, 231, 231, 231, 231, 242, 237, 232, 231, 231, 239, 232, 228, 235, 225, 229, 230, 225, 220, 222, 215, 220, 223, 223, 227, 234, 224, 229, 235, 229, 234, 228, 231, 229, 228, 227, 222, 227, 221, 220, 221, 228, 227, 227, 225, 223, 227, 220, 223, 220, 220, 220, 215, 220, 221, 221, 219, 219, 223, 230, 227, 236, 236, 235, 236, 243, 237, 236, 245, 235, 229, 230, 227, 234, 234, 230, 227, 226, 218, 222, 233, 225, 229, 232, 236, 237, 239, 233, 234, 233, 228, 228, 231, 229, 230, 240, 232, 234, 237, 228, 226, 224, 227, 226, 230, 224, 226, 224, 228, 223, 231, 220, 224, 219, 231, 228, 228, 229, 227, 223, 230, 227, 226, 220, 223, 233, 235, 222, 223, 222, 214, 221, 225, 231, 227, 217, 220, 222, 226, 225, 225, 222, 225, 225, 232, 229, 233]"
3OMM,nsga2,20,0,3528,0.5,500,"[162, 167, 179, 181, 180, 187, 183, 183, 191, 187, 188, 187, 194, 193, 194, 202, 194, 203, 199, 194, 196, 205, 209, 199, 207, 217, 211, 221, 227, 219, 221, 223, 223, 230, 231, 237, 228, 231, 225, 228, 219, 222, 231, 235, 234, 231, 231, 233, 237, 230, 231, 230, 236, 237, 238, 238, 242, 231, 234, 239, 241, 243, 240, 244, 247, 243, 240, 246, 241, 232, 234, 239, 237, 244, 237, 239, 237, 246, 242, 238, 239, 243, 245, 236, 237, 232, 237, 240, 239, 241, 241, 243, 240, 243, 237, 241, 234, 235, 236, 241, 242, 237, 245, 242, 236, 233, 240, 236, 232, 238, 236, 225, 224, 230, 229, 233, 219, 225, 237, 242, 231, 228, 227, 227, 233, 237, 236, 241, 243, 237, 243, 238, 238, 239, 233, 239, 239, 232, 233, 234, 238, 242, 245, 240, 241, 234, 241, 236, 237, 233, 239, 237, 235, 236, 243, 238, 245, 243, 249, 247, 247, 245, 246, 241, 245, 242, 241, 237, 239, 238, 243, 242, 232, 233, 234, 239, 244, 246, 249, 243, 241, 240, 250, 248, 250, 249, 254, 257, 254, 252, 252, 251, 254, 254, 257, 239, 240, 243, 244, 241, 240, 239, 233, 244, 241, 247, 250, 242, 248, 249, 248, 246, 243, 233, 244, 244, 250, 251, 241, 244, 239, 238, 240, 238, 233, 236, 238, 244, 249, 245, 238, 230, 229, 235, 236, 238, 230, 244, 238, 236, 234, 230, 238, 239, 246, 243, 242, 247, 249, 252, 241, 248, 242, 236, 239, 242, 245, 245, 248, 247, 243, 243, 246, 247, 251, 250, 247, 251, 256, 253, 247, 249, 254, 254, 247, 247, 253, 258, 255, 253, 258, 256, 248, 255, 254, 254, 249, 256, 259, 255, 258, 249, 243, 246, 234, 237, 235, 243, 244, 238, 235, 240, 236, 237, 238, 239, 241, 248, 240, 245, 247, 252, 245, 248, 243, 245, 248, 243, 242, 245, 245, 239, 238, 241, 244, 245, 238, 254, 243, 245, 245, 249, 250, 254, 249, 255, 252, 246, 250, 249, 247, 246, 240, 251, 237, 248, 249, 240, 243, 244, 237, 242, 238, 241, 248, 253, 248, 246, 244, 247, 254, 256, 252, 256, 248, 239, 237, 243, 246, 239, 241, 236, 242, 242, 243, 232, 238, 242, 246, 245, 244, 242, 245, 243, 241, 238, 234, 241, 236, 233, 227, 232, 231, 236, 241, 244, 234, 231, 236, 237, 236, 242, 244, 242, 244, 249, 250, 253, 253, 248, 240, 250, 253, 247, 240, 240, 237, 242, 237, 237, 247, 243, 239, 245, 242, 242, 245, 243, 238, 239, 242, 239, 245, 251, 244, 252, 248, 248, 245, 256, 255, 246, 254, 253, 256, 256, 251, 250, 247, 239, 246, 248, 236, 239, 242, 238, 237, 237, 244, 245, 241, 248, 249, 239, 244, 245, 244, 251, 248, 245, 238, 229, 237, 242, 233, 229, 234, 238, 236, 237, 236, 238, 236, 233, 238, 243, 245, 245, 240, 233, 235, 241, 243, 244, 240, 235, 244, 245, 244, 236]"
3OMM,nsga2,20,0,882,0.9,500,"[115, 127, 133, 144, 151, 149, 156, 157, 157, 171, 167, 173, 171, 171, 167, 170, 171, 179, 175, 178, 178, 182, 186, 182, 187, 185, 185, 184, 189, 179, 178, 176, 183, 178, 178, 183, 185, 188, 184, 184, 179, 182, 184, 185, 182, 187, 187, 184, 186, 192, 191, 186, 180, 185, 186, 192, 192, 187, 184, 192, 190, 191, 196, 197, 194, 190, 183, 188, 185, 192, 192, 191, 189, 186, 193, 188, 196, 197, 200, 199, 194, 196, 193, 190, 188, 197, 203, 202, 203, 199, 198, 197, 199, 199, 199, 203, 205, 206, 203, 201, 205, 206, 198, 198, 206, 200, 195, 197, 198, 195, 196, 205, 194, 193, 194, 197, 194, 195, 189, 187, 188, 185, 184, 184, 183, 182, 185, 194, 192, 202, 201, 200, 196, 195, 196, 195, 199, 192, 184, 186, 195, 196, 201, 201, 194, 189, 189, 199, 203, 191, 191, 207, 205, 192, 200, 200, 197, 201, 193, 192, 194, 184, 188, 184, 188, 199, 203, 199, 204, 199, 196, 199, 194, 196, 196, 194, 192, 192, 193, 200, 201, 199, 203, 199, 204, 197, 193, 180, 180, 181, 184, 198, 196, 199, 201, 208, 206, 199, 195, 200, 200, 200, 196, 189, 197, 199, 196, 202, 213, 203, 204, 209, 204, 198, 192, 192, 192, 192, 194, 188, 194, 196, 189, 192, 192, 194, 191, 192, 196, 201, 204, 203, 200, 203, 200, 203, 200, 202, 207, 195, 204, 196, 196, 194, 196, 199, 196, 201, 196, 199, 199, 195, 192, 193, 188, 184, 185, 191, 203, 199, 194, 197, 198, 190, 191, 192, 193, 190, 195, 198, 206, 198, 198, 198, 202, 194, 195, 186, 192, 198, 204, 211, 206, 198, 202, 197, 206, 207, 206, 212, 195, 193, 203, 201, 201, 196, 199, 199, 198, 198, 202, 202, 200, 197, 200, 200, 197, 192, 193, 197, 203, 201, 202, 200, 207, 197, 191, 192, 187, 205, 202, 195, 187, 188, 194, 199, 190, 192, 190, 187, 188, 196, 198, 203, 194, 197, 198, 201, 197, 200, 195, 202, 196, 194, 198, 198, 194, 200, 190, 199, 193, 190, 182, 199, 198, 196, 192, 203, 206, 196, 200, 210, 215, 202, 199, 199, 197, 192, 201, 200, 186, 194, 197, 190, 196, 203, 197, 194, 195, 195, 195, 202, 208, 204, 201, 201, 198, 199, 206, 209, 205, 209, 205, 213, 208, 205, 205, 211, 206, 197, 200, 199, 202, 200, 207, 210, 212, 210, 201, 197, 195, 207, 201, 196, 205, 204, 216, 201, 201, 198, 207, 205, 205, 205, 204, 202, 202, 207, 198, 204, 203, 202, 197, 191, 187, 193, 198, 198, 206, 207, 206, 203, 202, 202, 196, 202, 199, 192, 190, 198, 199, 200, 200, 210, 199, 204, 202, 193, 198, 193, 193, 193, 202, 204, 205, 198, 198, 199, 196, 196, 195, 200, 197, 192, 204, 198, 193, 196, 200, 195, 188, 191, 189, 197, 197, 204, 209, 197, 202, 196, 196, 191, 194, 196, 192, 194, 190, 196, 196, 196]"
3OMM,nsga2,20,0,1764,0.9,500,"[140, 149, 150, 158, 168, 170, 167, 170, 169, 182, 180, 179, 178, 184, 178, 180, 183, 187, 188, 180, 182, 180, 177, 186, 183, 186, 186, 185, 189, 189, 184, 178, 180, 186, 187, 189, 192, 191, 191, 200, 196, 189, 196, 201, 206, 204, 200, 194, 195, 199, 197, 198, 194, 191, 189, 188, 194, 192, 195, 186, 190, 196, 193, 190, 196, 196, 199, 201, 201, 202, 208, 201, 204, 201, 204, 206, 206, 211, 203, 204, 200, 205, 204, 201, 205, 213, 208, 211, 211, 210, 207, 203, 205, 196, 212, 212, 206, 209, 203, 202, 207, 205, 205, 198, 210, 215, 214, 203, 213, 211, 207, 213, 213, 211, 208, 202, 198, 210, 214, 213, 210, 220, 217, 217, 211, 205, 207, 209, 212, 212, 222, 210, 214, 206, 205, 200, 195, 201, 198, 203, 209, 215, 209, 209, 213, 207, 206, 207, 205, 199, 193, 196, 196, 199, 201, 206, 206, 214, 217, 214, 214, 214, 215, 210, 214, 212, 216, 220, 215, 210, 207, 211, 208, 203, 200, 203, 201, 206, 211, 213, 218, 213, 211, 210, 209, 207, 209, 200, 200, 204, 212, 211, 213, 212, 209, 206, 211, 204, 208, 204, 206, 202, 202, 210, 205, 197, 201, 200, 211, 212, 219, 218, 224, 218, 218, 220, 219, 211, 213, 212, 211, 210, 207, 202, 205, 210, 210, 205, 205, 195, 196, 202, 206, 203, 206, 214, 213, 222, 218, 203, 208, 211, 206, 210, 217, 211, 209, 210, 210, 215, 220, 219, 214, 218, 221, 215, 209, 210, 214, 217, 223, 215, 210, 206, 203, 202, 210, 210, 212, 212, 219, 207, 207, 204, 211, 205, 211, 214, 209, 212, 214, 217, 210, 205, 205, 209, 207, 211, 213, 213, 215, 217, 224, 216, 222, 222, 221, 217, 221, 213, 227, 222, 216, 214, 215, 209, 209, 214, 220, 221, 209, 212, 212, 213, 209, 213, 214, 219, 207, 212, 212, 215, 218, 219, 220, 214, 206, 211, 204, 205, 208, 209, 210, 212, 207, 213, 213, 225, 222, 219, 227, 230, 223, 220, 217, 222, 222, 222, 217, 223, 223, 222, 219, 212, 213, 217, 208, 208, 215, 212, 212, 208, 213, 211, 215, 212, 207, 212, 204, 204, 209, 211, 209, 213, 214, 216, 218, 220, 214, 208, 209, 212, 208, 220, 218, 218, 214, 212, 201, 204, 207, 206, 207, 214, 209, 208, 211, 213, 211, 207, 215, 220, 213, 209, 214, 215, 211, 211, 210, 211, 215, 209, 207, 217, 212, 217, 210, 214, 217, 217, 211, 214, 214, 214, 221, 221, 215, 209, 212, 209, 209, 210, 208, 208, 206, 204, 201, 201, 202, 211, 199, 207, 204, 203, 203, 208, 206, 209, 215, 223, 210, 217, 208, 210, 204, 216, 207, 210, 210, 211, 207, 202, 216, 208, 218, 212, 206, 204, 222, 213, 213, 215, 213, 212, 208, 211, 213, 219, 217, 210, 219, 219, 216, 214, 220, 223, 218, 219, 208, 218, 206, 213, 204, 215, 208, 210, 209, 216, 219, 216]"
3OMM,nsga2,20,0,3528,0.9,500,"[155, 164, 172, 181, 186, 191, 194, 193, 199, 196, 198, 195, 192, 200, 199, 206, 204, 206, 205, 206, 204, 205, 210, 208, 212, 212, 211, 214, 216, 216, 220, 214, 207, 204, 211, 215, 216, 219, 214, 206, 206, 209, 208, 213, 215, 215, 215, 208, 221, 218, 214, 216, 210, 212, 214, 213, 209, 212, 218, 225, 225, 222, 227, 223, 220, 214, 214, 210, 213, 222, 220, 224, 220, 218, 209, 209, 208, 213, 212, 212, 218, 220, 224, 213, 206, 212, 217, 215, 221, 227, 221, 222, 219, 218, 212, 216, 219, 220, 217, 219, 211, 210, 219, 217, 218, 216, 217, 214, 217, 215, 221, 219, 230, 230, 236, 231, 222, 218, 221, 212, 216, 220, 222, 217, 220, 219, 225, 220, 224, 228, 223, 218, 211, 222, 222, 219, 218, 218, 221, 218, 224, 225, 215, 219, 210, 221, 221, 209, 212, 212, 210, 211, 214, 214, 218, 211, 212, 215, 213, 218, 221, 217, 229, 231, 221, 222, 222, 215, 215, 219, 215, 211, 217, 220, 221, 220, 226, 218, 217, 221, 221, 226, 223, 229, 220, 225, 219, 220, 225, 235, 233, 230, 226, 223, 222, 223, 218, 214, 216, 220, 224, 216, 222, 223, 220, 221, 228, 226, 224, 226, 224, 217, 216, 225, 217, 222, 222, 227, 217, 219, 219, 219, 217, 220, 226, 221, 218, 218, 219, 223, 216, 215, 206, 214, 216, 215, 218, 216, 209, 211, 214, 216, 214, 214, 207, 217, 214, 213, 219, 223, 226, 225, 224, 221, 225, 221, 220, 225, 225, 218, 215, 217, 226, 229, 222, 218, 230, 225, 220, 213, 218, 213, 214, 215, 216, 211, 217, 219, 221, 228, 218, 212, 220, 214, 216, 211, 216, 218, 220, 218, 227, 230, 223, 227, 231, 229, 221, 223, 224, 223, 226, 226, 218, 233, 229, 229, 232, 236, 236, 236, 225, 219, 223, 216, 209, 216, 220, 225, 228, 227, 222, 222, 228, 227, 228, 234, 226, 221, 220, 217, 226, 227, 226, 225, 220, 223, 229, 236, 226, 222, 216, 212, 221, 224, 221, 212, 213, 220, 222, 222, 227, 227, 225, 227, 222, 218, 223, 228, 226, 228, 232, 226, 228, 232, 220, 223, 223, 228, 223, 226, 221, 222, 226, 226, 228, 229, 228, 222, 216, 216, 224, 222, 223, 225, 219, 223, 229, 223, 232, 235, 238, 230, 231, 222, 218, 224, 218, 220, 228, 221, 222, 229, 235, 228, 230, 231, 234, 227, 228, 224, 226, 228, 225, 226, 221, 220, 218, 225, 227, 225, 234, 228, 224, 223, 227, 227, 230, 232, 229, 227, 220, 227, 230, 230, 229, 240, 237, 241, 233, 238, 239, 229, 235, 235, 234, 233, 235, 226, 224, 216, 220, 222, 221, 225, 219, 226, 229, 227, 223, 226, 224, 223, 228, 229, 226, 222, 223, 223, 219, 224, 225, 222, 220, 219, 218, 221, 221, 224, 226, 227, 233, 224, 226, 232, 235, 229, 226, 223, 228, 231, 229, 235, 217, 228, 224, 226, 225, 230, 221, 222]"
3OMM,nsga2,20,0,441,0.9,500,"[99, 110, 121, 128, 126, 126, 128, 137, 135, 138, 146, 143, 147, 150, 162, 160, 163, 157, 161, 159, 163, 167, 177, 171, 168, 162, 156, 168, 169, 169, 171, 160, 161, 175, 174, 176, 171, 170, 172, 169, 173, 174, 184, 180, 176, 163, 173, 166, 166, 174, 173, 177, 175, 171, 177, 172, 183, 179, 175, 185, 185, 175, 184, 177, 179, 185, 178, 176, 172, 163, 170, 165, 162, 166, 163, 164, 167, 158, 164, 160, 166, 166, 181, 177, 182, 179, 179, 168, 175, 174, 182, 177, 172, 179, 177, 174, 174, 176, 170, 169, 172, 178, 173, 178, 174, 175, 171, 170, 167, 168, 173, 170, 175, 172, 173, 170, 180, 186, 183, 185, 181, 187, 182, 187, 180, 183, 171, 171, 169, 175, 174, 171, 178, 181, 178, 165, 167, 167, 170, 173, 176, 173, 168, 166, 166, 172, 174, 174, 173, 178, 177, 175, 180, 175, 173, 175, 169, 176, 169, 173, 176, 173, 174, 167, 166, 170, 173, 177, 174, 177, 176, 178, 170, 178, 180, 187, 176, 168, 169, 175, 168, 169, 175, 180, 174, 173, 178, 176, 168, 164, 163, 167, 169, 172, 173, 177, 177, 181, 177, 183, 177, 172, 176, 178, 172, 177, 171, 175, 186, 186, 177, 185, 184, 176, 177, 177, 162, 176, 172, 173, 172, 182, 181, 178, 173, 170, 164, 169, 172, 172, 169, 177, 171, 174, 171, 174, 182, 185, 189, 183, 177, 181, 182, 176, 167, 169, 176, 179, 178, 185, 178, 179, 178, 182, 181, 180, 176, 175, 167, 164, 164, 157, 174, 173, 167, 170, 174, 172, 169, 169, 167, 169, 174, 179, 176, 173, 176, 178, 177, 174, 175, 173, 165, 173, 177, 181, 165, 166, 171, 176, 168, 172, 181, 178, 184, 179, 174, 182, 169, 172, 164, 168, 173, 175, 184, 179, 172, 171, 170, 174, 179, 175, 181, 176, 176, 176, 175, 179, 183, 181, 180, 184, 180, 182, 176, 181, 179, 174, 178, 184, 180, 171, 179, 179, 179, 186, 184, 190, 180, 178, 182, 175, 169, 177, 179, 190, 176, 189, 189, 181, 179, 174, 176, 179, 180, 175, 169, 180, 181, 169, 175, 170, 186, 182, 183, 183, 184, 174, 178, 178, 182, 178, 173, 172, 172, 178, 168, 169, 168, 171, 176, 174, 176, 180, 180, 172, 182, 185, 173, 176, 170, 177, 177, 179, 188, 180, 182, 181, 181, 185, 181, 176, 166, 173, 172, 173, 175, 180, 179, 181, 175, 184, 170, 166, 172, 168, 160, 162, 167, 167, 172, 169, 162, 162, 164, 170, 168, 174, 178, 168, 163, 170, 168, 173, 166, 167, 170, 167, 174, 178, 176, 175, 176, 183, 179, 173, 174, 172, 174, 178, 178, 185, 185, 185, 190, 182, 175, 176, 164, 167, 172, 178, 176, 179, 180, 183, 170, 178, 180, 178, 176, 178, 185, 181, 188, 179, 173, 176, 170, 178, 173, 169, 169, 164, 172, 174, 183, 174, 172, 168, 177, 173, 170, 171, 164, 164, 176, 179, 171, 176]"
3OMM,nsga2,20,0,1764,0.0,500,"[137, 145, 151, 158, 166, 173, 182, 177, 185, 186, 186, 190, 200, 193, 195, 197, 198, 203, 216, 212, 224, 228, 228, 231, 230, 234, 230, 234, 241, 240, 247, 253, 259, 257, 262, 265, 265, 266, 272, 272, 273, 263, 259, 265, 259, 269, 273, 264, 263, 267, 271, 269, 261, 261, 259, 260, 260, 256, 260, 260, 262, 262, 255, 261, 258, 255, 254, 258, 258, 257, 263, 264, 257, 262, 254, 262, 251, 253, 249, 248, 254, 245, 243, 247, 252, 249, 251, 241, 250, 250, 250, 250, 245, 251, 245, 245, 250, 240, 246, 249, 251, 253, 254, 249, 241, 244, 241, 239, 239, 243, 239, 243, 240, 240, 237, 247, 242, 243, 246, 245, 247, 246, 248, 244, 246, 239, 239, 235, 236, 241, 245, 248, 236, 241, 242, 244, 243, 247, 246, 245, 238, 235, 238, 239, 241, 240, 240, 241, 244, 241, 249, 243, 239, 234, 234, 230, 241, 242, 236, 233, 236, 238, 242, 244, 243, 236, 235, 236, 231, 235, 234, 236, 242, 244, 241, 241, 243, 245, 241, 235, 250, 246, 249, 258, 248, 241, 241, 237, 242, 238, 241, 248, 238, 239, 238, 240, 244, 243, 238, 241, 240, 245, 244, 249, 241, 241, 243, 243, 240, 244, 246, 243, 243, 247, 249, 257, 256, 261, 253, 255, 253, 251, 251, 246, 247, 247, 247, 241, 248, 247, 248, 244, 244, 252, 256, 252, 249, 253, 245, 245, 245, 248, 247, 243, 252, 246, 252, 249, 252, 247, 245, 253, 248, 245, 247, 259, 254, 256, 245, 249, 244, 252, 250, 253, 251, 253, 249, 248, 245, 242, 245, 247, 242, 243, 245, 252, 254, 258, 256, 252, 248, 255, 251, 254, 244, 249, 245, 258, 255, 256, 253, 254, 253, 250, 252, 252, 252, 255, 252, 246, 246, 249, 251, 247, 244, 249, 247, 248, 245, 246, 245, 238, 242, 237, 238, 238, 243, 237, 243, 237, 232, 232, 233, 243, 249, 245, 246, 251, 243, 239, 244, 242, 247, 252, 244, 244, 248, 244, 248, 255, 252, 258, 247, 241, 243, 245, 248, 251, 245, 248, 249, 242, 231, 236, 228, 230, 227, 230, 234, 233, 230, 230, 234, 227, 233, 233, 229, 227, 229, 228, 234, 234, 235, 231, 239, 235, 240, 242, 249, 240, 241, 237, 244, 246, 242, 247, 246, 247, 246, 247, 252, 247, 245, 237, 248, 247, 244, 244, 251, 244, 246, 250, 252, 245, 243, 252, 253, 256, 256, 251, 257, 255, 256, 254, 254, 252, 250, 247, 246, 253, 253, 250, 244, 249, 246, 244, 247, 245, 250, 259, 260, 254, 252, 246, 242, 246, 243, 251, 251, 245, 254, 250, 251, 254, 246, 244, 246, 245, 241, 240, 240, 249, 242, 246, 247, 253, 258, 246, 241, 247, 242, 248, 253, 253, 251, 249, 251, 246, 252, 251, 248, 246, 255, 257, 254, 262, 264, 266, 268, 256, 256, 256, 256, 259, 250, 256, 249, 251, 248, 247, 251, 244, 247, 254, 257, 257, 255, 255, 256, 254]"
3OMM,nsga2,20,0,3528,0.0,500,"[165, 171, 173, 170, 168, 173, 177, 183, 187, 193, 196, 201, 205, 207, 209, 211, 219, 220, 221, 215, 216, 213, 224, 227, 231, 227, 228, 230, 242, 246, 245, 253, 248, 251, 253, 255, 253, 257, 262, 268, 274, 272, 276, 272, 271, 274, 276, 283, 274, 276, 280, 279, 276, 278, 275, 276, 276, 277, 274, 277, 282, 277, 280, 275, 278, 281, 276, 277, 283, 276, 274, 273, 271, 272, 266, 265, 265, 266, 266, 258, 259, 259, 260, 261, 266, 266, 263, 261, 262, 259, 257, 259, 254, 251, 257, 257, 248, 254, 254, 254, 251, 259, 257, 258, 257, 259, 269, 266, 270, 265, 271, 263, 266, 267, 272, 265, 268, 273, 268, 261, 263, 268, 265, 274, 272, 272, 263, 264, 272, 273, 273, 266, 276, 271, 272, 271, 271, 270, 271, 271, 262, 263, 262, 262, 268, 266, 263, 271, 257, 258, 262, 256, 254, 251, 254, 261, 250, 259, 253, 254, 247, 252, 260, 257, 259, 257, 261, 256, 259, 267, 270, 265, 270, 270, 271, 266, 270, 263, 267, 269, 269, 263, 265, 262, 261, 265, 263, 266, 267, 261, 268, 268, 271, 264, 266, 263, 258, 259, 264, 259, 267, 265, 263, 267, 270, 275, 271, 268, 267, 272, 264, 273, 272, 274, 276, 271, 272, 273, 274, 275, 277, 275, 275, 271, 274, 269, 271, 274, 277, 277, 270, 270, 272, 273, 275, 279, 273, 267, 265, 269, 274, 271, 263, 271, 265, 268, 268, 267, 268, 268, 264, 261, 261, 256, 256, 253, 253, 253, 253, 256, 253, 257, 260, 265, 263, 259, 264, 269, 265, 267, 266, 264, 260, 267, 265, 266, 267, 261, 261, 261, 254, 253, 253, 249, 249, 249, 259, 259, 262, 256, 255, 252, 256, 264, 262, 264, 264, 258, 255, 259, 258, 254, 257, 254, 252, 252, 251, 248, 252, 254, 249, 251, 251, 254, 250, 258, 262, 258, 256, 258, 255, 259, 260, 261, 259, 261, 259, 261, 256, 263, 267, 269, 263, 272, 275, 271, 271, 272, 272, 273, 268, 266, 271, 270, 276, 273, 277, 275, 278, 281, 282, 285, 282, 277, 279, 279, 279, 283, 276, 267, 265, 265, 266, 268, 273, 271, 272, 269, 266, 274, 275, 271, 267, 269, 265, 269, 270, 275, 272, 276, 269, 268, 264, 272, 270, 273, 269, 268, 270, 274, 267, 274, 277, 284, 275, 270, 270, 269, 274, 272, 273, 273, 271, 277, 280, 278, 277, 268, 271, 268, 271, 270, 270, 267, 263, 261, 264, 267, 262, 260, 260, 267, 265, 275, 273, 270, 267, 271, 267, 267, 269, 277, 274, 269, 267, 270, 267, 268, 267, 273, 267, 273, 267, 267, 271, 267, 270, 266, 267, 261, 261, 248, 249, 250, 248, 249, 253, 261, 265, 265, 264, 273, 262, 258, 255, 257, 254, 255, 267, 265, 260, 260, 262, 261, 266, 263, 261, 270, 267, 268, 267, 270, 265, 265, 260, 263, 268, 264, 266, 266, 263, 266, 262, 269, 275, 271, 275, 274, 271, 275]"
3OMM,nsga2,20,0,882,0.0,500,"[128, 130, 132, 137, 141, 143, 149, 153, 162, 168, 167, 165, 165, 171, 182, 177, 185, 188, 192, 196, 192, 194, 195, 197, 198, 202, 206, 212, 211, 209, 221, 217, 218, 219, 224, 230, 234, 228, 226, 221, 225, 221, 227, 231, 230, 229, 231, 233, 229, 239, 246, 246, 249, 248, 245, 244, 244, 251, 250, 248, 253, 238, 248, 248, 251, 250, 251, 254, 250, 249, 248, 241, 246, 242, 246, 237, 239, 249, 248, 245, 244, 246, 236, 232, 233, 230, 223, 225, 219, 229, 235, 238, 231, 228, 224, 225, 227, 220, 217, 212, 210, 208, 211, 206, 203, 206, 213, 207, 211, 213, 208, 210, 207, 209, 214, 211, 206, 199, 209, 211, 212, 222, 221, 218, 215, 217, 221, 222, 218, 224, 224, 225, 230, 233, 225, 221, 215, 218, 215, 216, 212, 211, 212, 213, 218, 219, 218, 216, 214, 208, 204, 202, 206, 203, 202, 203, 201, 206, 209, 212, 210, 212, 221, 222, 222, 220, 209, 207, 214, 216, 216, 216, 212, 216, 205, 218, 221, 222, 215, 211, 208, 215, 214, 208, 216, 220, 215, 217, 222, 218, 218, 212, 213, 214, 214, 215, 218, 214, 216, 221, 207, 214, 212, 215, 215, 214, 214, 219, 220, 219, 222, 211, 223, 219, 213, 207, 214, 217, 208, 215, 214, 213, 214, 206, 213, 221, 216, 219, 217, 213, 216, 214, 217, 216, 211, 226, 217, 215, 217, 219, 217, 219, 221, 217, 226, 218, 222, 224, 228, 228, 234, 227, 225, 222, 224, 228, 224, 235, 234, 222, 225, 222, 223, 218, 218, 222, 222, 225, 224, 214, 211, 218, 212, 217, 214, 207, 197, 200, 207, 208, 208, 213, 202, 206, 210, 213, 218, 217, 219, 222, 224, 214, 217, 218, 224, 226, 228, 229, 221, 216, 210, 204, 209, 203, 208, 207, 210, 217, 219, 223, 214, 212, 208, 211, 215, 212, 213, 219, 221, 223, 214, 223, 218, 210, 215, 226, 213, 219, 206, 215, 218, 226, 223, 224, 225, 218, 218, 213, 214, 216, 220, 213, 216, 216, 216, 215, 215, 222, 219, 224, 225, 229, 236, 223, 235, 229, 230, 232, 228, 234, 238, 237, 246, 236, 232, 238, 230, 224, 221, 223, 227, 231, 233, 227, 221, 224, 229, 237, 223, 217, 217, 211, 212, 219, 215, 214, 219, 214, 217, 210, 219, 220, 224, 219, 218, 217, 225, 227, 221, 216, 221, 212, 214, 214, 209, 208, 219, 219, 221, 223, 222, 222, 228, 216, 223, 231, 231, 233, 227, 224, 223, 229, 226, 223, 221, 226, 221, 214, 210, 211, 216, 215, 214, 210, 220, 213, 207, 209, 213, 219, 215, 216, 214, 213, 210, 218, 215, 221, 214, 214, 215, 211, 210, 205, 202, 201, 206, 202, 197, 198, 205, 205, 208, 208, 215, 213, 215, 221, 221, 222, 216, 221, 220, 216, 219, 218, 221, 213, 209, 208, 213, 210, 211, 215, 215, 217, 216, 218, 218, 217, 219, 216, 217, 215, 219, 224, 220, 216, 213, 212]"
3OMM,nsga2,20,0,882,0.5,500,"[123, 129, 126, 134, 131, 136, 146, 150, 157, 161, 169, 170, 175, 173, 166, 169, 172, 178, 179, 175, 187, 187, 191, 190, 193, 185, 197, 191, 195, 200, 198, 195, 193, 197, 201, 201, 201, 197, 203, 203, 210, 214, 206, 215, 204, 210, 207, 208, 203, 206, 200, 204, 198, 196, 193, 205, 209, 210, 210, 208, 206, 206, 212, 214, 210, 214, 208, 201, 209, 205, 206, 205, 211, 208, 209, 207, 213, 214, 217, 228, 224, 218, 217, 209, 202, 204, 211, 214, 209, 208, 211, 218, 220, 218, 213, 214, 218, 222, 216, 217, 209, 202, 211, 205, 203, 213, 208, 206, 212, 209, 211, 213, 205, 209, 211, 217, 210, 211, 210, 208, 209, 205, 204, 199, 205, 208, 207, 201, 202, 203, 199, 201, 203, 202, 198, 206, 210, 208, 204, 210, 214, 204, 208, 207, 200, 202, 208, 209, 206, 212, 216, 220, 213, 203, 202, 204, 211, 202, 197, 208, 206, 204, 203, 206, 206, 201, 192, 202, 205, 206, 203, 203, 208, 204, 204, 207, 205, 193, 197, 199, 201, 201, 202, 200, 197, 195, 198, 201, 208, 207, 204, 211, 204, 205, 195, 198, 198, 199, 207, 213, 207, 210, 213, 212, 211, 219, 217, 223, 220, 212, 213, 211, 208, 212, 213, 214, 210, 216, 215, 206, 202, 203, 210, 206, 197, 204, 200, 203, 201, 204, 202, 201, 210, 215, 212, 214, 207, 215, 194, 198, 202, 206, 204, 202, 208, 206, 196, 200, 203, 199, 202, 206, 208, 211, 205, 199, 205, 208, 214, 214, 204, 207, 211, 216, 215, 213, 210, 209, 209, 213, 211, 210, 207, 201, 204, 201, 208, 213, 211, 217, 220, 210, 210, 211, 209, 203, 207, 205, 210, 204, 207, 202, 208, 205, 205, 205, 199, 204, 202, 207, 213, 225, 226, 225, 214, 210, 211, 210, 209, 208, 208, 203, 206, 206, 205, 202, 202, 206, 213, 204, 203, 207, 217, 217, 213, 216, 215, 211, 214, 213, 215, 219, 209, 211, 212, 211, 207, 199, 197, 200, 207, 204, 210, 207, 212, 210, 213, 206, 210, 205, 203, 201, 202, 204, 208, 218, 215, 209, 210, 211, 213, 206, 213, 209, 213, 203, 203, 197, 201, 200, 203, 203, 203, 205, 204, 203, 202, 206, 206, 206, 198, 199, 200, 193, 195, 203, 204, 203, 203, 208, 206, 207, 204, 207, 210, 206, 200, 200, 203, 209, 218, 217, 219, 205, 209, 209, 214, 209, 211, 218, 221, 213, 207, 201, 206, 208, 212, 208, 211, 212, 212, 216, 205, 211, 213, 216, 212, 195, 210, 201, 206, 204, 207, 200, 198, 197, 197, 201, 197, 206, 209, 206, 205, 205, 200, 210, 200, 198, 200, 208, 214, 209, 208, 204, 203, 204, 204, 201, 212, 209, 208, 206, 210, 207, 202, 198, 198, 201, 198, 198, 204, 204, 202, 201, 201, 202, 200, 192, 197, 198, 201, 204, 196, 192, 187, 196, 204, 201, 212, 206, 198, 199, 203, 205, 217, 212, 212, 205, 208, 201]"
3OMM,nsga2,20,0,882,0.9,500,"[125, 127, 133, 142, 142, 148, 146, 146, 151, 151, 158, 162, 160, 160, 165, 168, 164, 158, 163, 162, 164, 170, 174, 174, 174, 168, 165, 169, 175, 169, 166, 171, 175, 175, 180, 186, 184, 181, 183, 184, 184, 185, 175, 181, 184, 178, 174, 172, 179, 176, 182, 176, 189, 183, 193, 186, 189, 195, 184, 184, 180, 181, 182, 193, 191, 186, 186, 182, 191, 189, 186, 188, 191, 192, 197, 196, 194, 189, 194, 204, 205, 195, 203, 194, 198, 197, 196, 196, 199, 199, 190, 194, 193, 193, 195, 191, 188, 200, 197, 196, 194, 193, 196, 192, 198, 196, 192, 190, 193, 193, 196, 196, 204, 199, 203, 206, 206, 211, 206, 195, 195, 194, 205, 199, 197, 211, 195, 203, 193, 190, 188, 186, 192, 195, 191, 191, 189, 187, 188, 191, 196, 199, 195, 189, 194, 195, 197, 204, 202, 201, 202, 191, 192, 195, 191, 189, 185, 188, 188, 191, 194, 192, 193, 194, 190, 195, 190, 190, 193, 195, 196, 197, 195, 192, 194, 197, 195, 197, 190, 196, 182, 188, 197, 197, 197, 196, 191, 193, 188, 195, 198, 196, 192, 197, 193, 190, 191, 195, 192, 195, 190, 186, 189, 182, 187, 191, 190, 188, 192, 189, 195, 203, 204, 201, 201, 193, 200, 200, 203, 206, 206, 205, 196, 196, 202, 211, 203, 202, 206, 199, 201, 198, 197, 199, 188, 185, 185, 196, 195, 201, 199, 195, 199, 199, 201, 191, 187, 180, 183, 183, 195, 186, 187, 190, 201, 206, 194, 192, 189, 190, 186, 185, 185, 193, 186, 191, 193, 200, 192, 204, 196, 196, 196, 194, 185, 190, 189, 190, 186, 193, 195, 195, 209, 201, 202, 204, 201, 199, 194, 198, 200, 194, 203, 201, 203, 207, 198, 191, 190, 198, 195, 197, 202, 200, 186, 188, 196, 193, 200, 192, 186, 197, 195, 197, 193, 193, 186, 196, 192, 184, 189, 193, 194, 194, 189, 184, 187, 191, 185, 194, 196, 196, 195, 198, 190, 193, 192, 199, 196, 194, 200, 198, 199, 194, 199, 197, 200, 201, 202, 201, 198, 202, 195, 191, 186, 193, 199, 199, 191, 197, 199, 192, 186, 190, 193, 203, 200, 200, 196, 196, 200, 200, 193, 181, 193, 198, 197, 205, 194, 195, 198, 196, 200, 201, 192, 197, 195, 191, 197, 195, 200, 192, 195, 189, 185, 185, 192, 192, 197, 195, 192, 187, 193, 193, 205, 193, 195, 192, 191, 194, 192, 197, 196, 200, 198, 192, 191, 200, 199, 196, 192, 192, 198, 199, 200, 197, 206, 194, 192, 193, 190, 200, 202, 198, 194, 189, 192, 192, 186, 193, 200, 200, 197, 202, 197, 200, 199, 206, 199, 198, 193, 190, 191, 193, 192, 192, 205, 200, 199, 198, 202, 191, 198, 197, 192, 195, 187, 192, 196, 183, 195, 187, 184, 187, 185, 196, 192, 195, 189, 199, 201, 196, 199, 198, 187, 185, 189, 188, 188, 195, 191, 193, 187, 193, 190, 187, 194, 189, 191, 194]"
3OMM,nsga3,20,4410,441,0.0,230,"[98, 107, 117, 132, 141, 155, 167, 186, 197, 210, 223, 230, 234, 242, 253, 258, 265, 274, 279, 285, 292, 295, 306, 312, 318, 321, 322, 326, 329, 335, 340, 344, 346, 348, 352, 357, 360, 362, 366, 368, 370, 373, 374, 377, 378, 383, 384, 384, 384, 385, 387, 387, 389, 390, 393, 396, 401, 403, 405, 407, 408, 409, 409, 410, 412, 413, 413, 416, 418, 420, 420, 421, 421, 424, 424, 426, 426, 427, 427, 427, 427, 428, 428, 428, 428, 428, 428, 429, 429, 430, 430, 430, 430, 430, 431, 431, 431, 431, 431, 431, 431, 431, 431, 431, 431, 431, 431, 432, 432, 432, 432, 432, 432, 432, 433, 434, 434, 435, 435, 435, 436, 436, 436, 437, 437, 437, 438, 438, 438, 438, 438, 438, 438, 438, 438, 438, 438, 438, 438, 438, 438, 438, 438, 438, 438, 438, 438, 439, 439, 439, 440, 440, 440, 440, 440, 440, 440, 440, 440, 440, 440, 440, 440, 440, 440, 440, 440, 440, 440, 440, 440, 440, 440, 440, 440, 440, 440, 440, 440, 440, 440, 440, 440, 440, 440, 440, 440, 440, 440, 440, 440, 440, 440, 440, 440, 440, 440, 440, 440, 440, 440, 440, 440, 440, 440, 440, 440, 440, 440, 440, 440, 440, 440, 440, 440, 440, 440, 440, 440, 440, 440, 440, 440, 440, 440, 440, 440, 440, 440, 441]"
3OMM,nsga3,20,4410,441,0.0,161,"[101, 112, 132, 146, 158, 165, 174, 180, 191, 203, 215, 230, 239, 249, 256, 262, 272, 276, 280, 286, 288, 291, 300, 308, 313, 317, 322, 331, 339, 345, 346, 347, 352, 359, 366, 370, 374, 378, 383, 384, 386, 388, 390, 390, 393, 395, 396, 400, 400, 401, 402, 405, 406, 407, 408, 409, 409, 409, 410, 411, 412, 412, 413, 413, 413, 414, 415, 415, 416, 417, 417, 418, 418, 419, 419, 420, 420, 422, 425, 426, 426, 426, 428, 428, 428, 428, 431, 432, 432, 432, 432, 432, 433, 433, 434, 434, 434, 434, 434, 434, 435, 435, 436, 436, 436, 436, 436, 437, 437, 437, 437, 437, 437, 437, 437, 437, 438, 438, 438, 438, 438, 438, 438, 438, 438, 438, 438, 438, 438, 438, 438, 438, 438, 438, 438, 438, 438, 438, 438, 438, 438, 438, 438, 438, 438, 438, 439, 439, 439, 439, 439, 440, 440, 440, 440, 440, 440, 440, 440, 440, 441]"
3OMM,nsga3,20,4410,441,0.0,220,"[101, 116, 134, 147, 162, 176, 187, 193, 209, 221, 232, 243, 255, 263, 268, 275, 279, 282, 290, 297, 299, 303, 307, 315, 319, 322, 327, 333, 341, 346, 353, 360, 363, 369, 372, 376, 380, 382, 385, 387, 388, 393, 393, 393, 395, 396, 399, 400, 400, 401, 405, 405, 405, 405, 407, 409, 414, 415, 416, 416, 418, 418, 418, 419, 421, 421, 422, 423, 424, 424, 426, 426, 426, 426, 426, 426, 426, 426, 426, 426, 426, 426, 428, 428, 430, 430, 430, 430, 430, 430, 430, 430, 430, 430, 430, 431, 431, 431, 431, 431, 431, 432, 433, 433, 433, 433, 434, 434, 434, 434, 434, 434, 434, 434, 434, 434, 434, 434, 434, 434, 434, 434, 434, 434, 435, 435, 435, 436, 437, 438, 438, 439, 439, 439, 439, 439, 439, 439, 439, 440, 440, 440, 440, 440, 440, 440, 440, 440, 440, 440, 440, 440, 440, 440, 440, 440, 440, 440, 440, 440, 440, 440, 440, 440, 440, 440, 440, 440, 440, 440, 440, 440, 440, 440, 440, 440, 440, 440, 440, 440, 440, 440, 440, 440, 440, 440, 440, 440, 440, 440, 440, 440, 440, 440, 440, 440, 440, 440, 440, 440, 440, 440, 440, 440, 440, 440, 440, 440, 440, 440, 440, 440, 440, 440, 440, 440, 440, 440, 440, 441]"
3OMM,nsga2,20,0,441,0.0,500,"[99, 105, 109, 113, 122, 129, 126, 128, 133, 133, 144, 137, 143, 139, 144, 148, 152, 157, 153, 154, 167, 166, 175, 180, 177, 182, 183, 188, 184, 189, 183, 194, 197, 196, 209, 199, 199, 198, 202, 203, 198, 195, 195, 196, 188, 191, 205, 212, 198, 200, 202, 212, 208, 207, 206, 201, 211, 195, 206, 201, 210, 203, 205, 196, 193, 192, 195, 193, 189, 182, 187, 191, 196, 200, 192, 185, 183, 185, 177, 176, 178, 181, 179, 180, 181, 173, 181, 179, 171, 173, 180, 177, 179, 169, 170, 172, 174, 167, 170, 164, 172, 171, 166, 169, 173, 166, 172, 173, 173, 165, 174, 172, 171, 170, 172, 172, 166, 161, 163, 167, 175, 171, 165, 173, 174, 170, 172, 165, 174, 169, 173, 167, 164, 159, 166, 167, 164, 169, 170, 169, 170, 167, 170, 176, 171, 164, 165, 164, 170, 166, 167, 166, 156, 164, 171, 172, 172, 177, 175, 169, 171, 171, 167, 166, 162, 164, 165, 158, 164, 163, 161, 160, 155, 160, 159, 159, 162, 161, 164, 163, 160, 162, 163, 169, 174, 172, 172, 169, 173, 168, 176, 176, 182, 175, 178, 175, 182, 187, 180, 182, 177, 167, 177, 175, 185, 183, 183, 188, 175, 175, 184, 187, 189, 181, 189, 185, 184, 188, 176, 180, 181, 194, 183, 194, 191, 187, 181, 173, 175, 176, 175, 178, 177, 173, 174, 167, 162, 170, 166, 170, 165, 167, 172, 173, 165, 170, 172, 170, 160, 163, 158, 152, 157, 169, 165, 172, 174, 175, 166, 162, 165, 165, 160, 173, 166, 162, 162, 173, 168, 170, 169, 173, 174, 174, 176, 177, 172, 177, 167, 170, 174, 182, 178, 180, 178, 176, 170, 171, 165, 176, 184, 168, 175, 171, 166, 171, 174, 171, 171, 172, 171, 170, 169, 170, 171, 168, 165, 169, 174, 175, 173, 163, 167, 171, 172, 172, 181, 178, 172, 175, 167, 165, 165, 169, 165, 167, 159, 154, 156, 157, 163, 171, 171, 162, 160, 168, 168, 172, 167, 170, 166, 169, 166, 170, 168, 173, 173, 180, 176, 183, 186, 178, 172, 163, 167, 177, 177, 175, 174, 169, 170, 178, 169, 173, 174, 168, 173, 170, 179, 174, 168, 165, 174, 171, 170, 166, 165, 162, 166, 163, 161, 162, 165, 164, 160, 170, 173, 170, 175, 174, 176, 175, 179, 175, 168, 168, 173, 171, 164, 168, 172, 178, 178, 166, 172, 176, 177, 179, 176, 173, 176, 169, 180, 178, 183, 173, 169, 180, 173, 167, 169, 165, 167, 168, 173, 173, 172, 168, 177, 176, 182, 182, 191, 179, 180, 180, 177, 173, 176, 179, 181, 180, 171, 169, 172, 181, 173, 172, 178, 177, 176, 175, 176, 173, 173, 168, 164, 168, 163, 172, 166, 173, 169, 170, 169, 174, 184, 175, 183, 181, 181, 191, 182, 186, 179, 182, 171, 180, 176, 182, 176, 166, 172, 172, 169, 168, 168, 168, 165, 164, 168, 177, 181, 179, 175, 177, 176, 174, 167, 170]"
3OMM,nsga2,20,0,441,0.0,500,"[103, 106, 112, 113, 123, 132, 135, 136, 144, 147, 152, 163, 156, 158, 161, 168, 170, 170, 169, 166, 183, 181, 177, 180, 180, 170, 168, 169, 171, 173, 173, 175, 175, 169, 180, 177, 181, 183, 180, 177, 170, 175, 181, 189, 190, 190, 187, 192, 179, 192, 199, 195, 195, 198, 187, 191, 191, 205, 197, 195, 194, 193, 199, 204, 189, 197, 196, 194, 198, 200, 209, 200, 193, 193, 197, 190, 188, 183, 191, 189, 197, 187, 186, 183, 179, 182, 191, 187, 190, 188, 187, 182, 191, 181, 186, 190, 191, 186, 180, 181, 178, 177, 185, 183, 179, 176, 182, 169, 167, 168, 174, 178, 174, 167, 168, 174, 175, 176, 176, 175, 177, 171, 169, 180, 176, 165, 165, 176, 177, 170, 167, 167, 162, 166, 166, 170, 165, 161, 165, 171, 165, 171, 168, 166, 165, 170, 168, 166, 165, 167, 167, 171, 174, 175, 168, 167, 170, 170, 164, 161, 161, 172, 167, 175, 174, 171, 174, 171, 175, 178, 171, 178, 174, 183, 183, 186, 189, 190, 185, 185, 180, 169, 176, 171, 172, 167, 162, 167, 167, 177, 166, 169, 169, 174, 173, 161, 168, 169, 160, 162, 159, 159, 163, 157, 157, 160, 166, 163, 164, 167, 166, 162, 154, 159, 173, 178, 174, 169, 165, 159, 165, 167, 159, 159, 157, 161, 165, 166, 166, 163, 166, 173, 173, 170, 168, 173, 179, 179, 178, 176, 177, 174, 178, 179, 182, 182, 175, 169, 173, 167, 168, 175, 167, 172, 163, 166, 160, 164, 161, 168, 177, 171, 167, 159, 171, 173, 169, 169, 166, 166, 165, 175, 177, 176, 171, 175, 172, 165, 162, 165, 171, 165, 163, 165, 161, 162, 160, 158, 155, 149, 155, 160, 165, 168, 167, 159, 172, 169, 164, 161, 161, 160, 167, 168, 172, 175, 181, 172, 174, 179, 176, 174, 176, 168, 172, 179, 180, 169, 172, 175, 180, 177, 187, 182, 179, 172, 165, 175, 165, 166, 168, 171, 174, 167, 176, 170, 174, 168, 175, 171, 172, 156, 167, 163, 157, 165, 176, 164, 171, 168, 170, 180, 175, 178, 181, 181, 172, 171, 179, 176, 179, 179, 175, 170, 172, 174, 174, 173, 180, 182, 179, 171, 174, 177, 178, 178, 166, 163, 171, 166, 174, 176, 179, 180, 176, 179, 181, 177, 169, 171, 168, 176, 184, 182, 176, 167, 168, 167, 169, 174, 172, 179, 177, 176, 169, 165, 166, 176, 177, 170, 173, 171, 178, 178, 164, 175, 168, 169, 168, 166, 172, 171, 177, 176, 170, 174, 179, 176, 168, 183, 168, 169, 164, 171, 166, 173, 174, 168, 170, 169, 170, 166, 159, 168, 173, 166, 161, 167, 170, 171, 163, 173, 172, 175, 174, 172, 175, 172, 166, 169, 160, 161, 167, 163, 169, 175, 169, 162, 167, 170, 165, 167, 178, 175, 167, 176, 168, 173, 169, 165, 175, 173, 165, 167, 172, 170, 162, 169, 168, 175, 174, 173, 175, 177, 172, 162, 167, 170, 175, 175]"
3OMM,nsga2,20,0,1764,0.0,500,"[138, 144, 146, 152, 156, 164, 172, 170, 169, 177, 178, 187, 190, 194, 201, 201, 206, 208, 214, 220, 217, 227, 225, 225, 230, 229, 235, 231, 234, 227, 237, 241, 247, 252, 255, 251, 260, 253, 256, 259, 252, 248, 253, 256, 252, 254, 251, 248, 247, 255, 253, 257, 254, 260, 252, 257, 260, 259, 254, 249, 250, 251, 238, 244, 241, 245, 241, 240, 242, 249, 252, 247, 248, 246, 246, 241, 251, 249, 250, 254, 254, 256, 262, 257, 260, 264, 273, 260, 263, 269, 267, 255, 255, 251, 257, 252, 250, 249, 250, 258, 256, 258, 249, 252, 252, 249, 250, 253, 250, 248, 243, 243, 235, 245, 237, 240, 236, 238, 244, 244, 241, 240, 240, 244, 242, 238, 239, 244, 237, 238, 240, 242, 248, 241, 243, 241, 244, 242, 245, 243, 236, 233, 241, 244, 244, 244, 250, 242, 250, 248, 242, 241, 241, 243, 240, 242, 241, 241, 241, 236, 231, 233, 226, 237, 226, 230, 232, 233, 228, 226, 233, 239, 240, 242, 247, 245, 248, 249, 243, 240, 237, 244, 247, 252, 254, 252, 241, 240, 241, 247, 248, 253, 248, 241, 237, 239, 241, 246, 242, 244, 236, 237, 237, 239, 240, 247, 244, 244, 239, 241, 239, 243, 248, 247, 240, 243, 247, 247, 249, 244, 238, 240, 240, 241, 251, 250, 247, 240, 244, 250, 250, 250, 247, 245, 246, 253, 250, 249, 242, 252, 252, 247, 242, 239, 242, 236, 240, 243, 239, 240, 237, 240, 248, 240, 238, 243, 239, 233, 240, 238, 238, 237, 231, 227, 235, 227, 237, 236, 233, 240, 236, 236, 232, 238, 239, 239, 238, 234, 236, 236, 238, 228, 228, 229, 232, 230, 231, 229, 227, 231, 228, 240, 236, 229, 234, 233, 237, 241, 242, 239, 237, 239, 246, 240, 245, 247, 245, 244, 246, 245, 246, 245, 253, 255, 252, 261, 256, 254, 257, 256, 254, 254, 258, 249, 256, 250, 249, 247, 247, 243, 240, 236, 243, 243, 239, 246, 246, 248, 244, 251, 249, 247, 249, 245, 255, 241, 252, 248, 245, 245, 241, 230, 237, 235, 238, 235, 234, 234, 235, 228, 231, 242, 237, 248, 238, 239, 235, 237, 242, 239, 242, 242, 239, 239, 242, 242, 244, 246, 245, 241, 241, 248, 240, 239, 242, 239, 239, 235, 229, 235, 230, 235, 231, 232, 233, 240, 239, 232, 232, 236, 239, 241, 239, 242, 243, 236, 245, 243, 240, 236, 240, 237, 241, 244, 244, 249, 253, 247, 253, 256, 249, 246, 245, 246, 252, 247, 247, 241, 243, 245, 246, 250, 253, 248, 254, 252, 248, 254, 255, 250, 248, 246, 252, 251, 245, 250, 239, 247, 236, 239, 243, 242, 239, 234, 244, 240, 244, 234, 233, 237, 245, 239, 245, 239, 238, 247, 245, 247, 242, 247, 249, 248, 251, 251, 247, 246, 248, 245, 245, 241, 229, 237, 235, 230, 233, 227, 218, 232, 229, 236, 233, 239, 233, 236, 236, 229, 234, 235, 227, 233]"
3OMM,nsga2,20,0,1764,0.0,500,"[148, 151, 150, 155, 163, 172, 175, 177, 174, 182, 188, 189, 206, 200, 201, 203, 208, 210, 207, 212, 216, 220, 217, 221, 227, 235, 238, 241, 244, 247, 249, 251, 256, 251, 249, 254, 253, 251, 251, 251, 260, 259, 261, 259, 260, 255, 258, 262, 262, 260, 264, 270, 265, 273, 277, 271, 267, 268, 264, 262, 264, 272, 271, 270, 261, 260, 268, 261, 255, 260, 259, 256, 258, 264, 260, 252, 256, 256, 258, 268, 269, 269, 264, 263, 265, 265, 263, 262, 263, 265, 261, 260, 260, 255, 264, 263, 255, 254, 260, 249, 247, 250, 247, 245, 251, 245, 246, 250, 246, 250, 244, 245, 246, 246, 246, 246, 243, 245, 247, 253, 254, 256, 256, 256, 255, 257, 250, 256, 247, 250, 250, 245, 247, 244, 248, 248, 257, 255, 253, 256, 259, 262, 255, 252, 250, 247, 242, 249, 245, 245, 250, 243, 244, 239, 245, 245, 246, 241, 240, 243, 246, 243, 240, 240, 248, 247, 249, 247, 244, 246, 244, 243, 242, 239, 248, 247, 245, 246, 252, 247, 249, 251, 250, 252, 255, 249, 250, 248, 247, 255, 262, 257, 258, 259, 262, 261, 249, 253, 255, 252, 255, 255, 257, 257, 254, 249, 253, 250, 240, 253, 246, 244, 253, 253, 253, 257, 258, 261, 261, 271, 268, 256, 253, 263, 260, 267, 259, 257, 253, 251, 247, 237, 243, 241, 243, 242, 246, 249, 251, 250, 258, 255, 255, 250, 248, 247, 247, 253, 256, 249, 250, 251, 244, 245, 248, 250, 245, 248, 244, 244, 239, 244, 250, 244, 247, 248, 251, 251, 255, 250, 249, 252, 252, 245, 244, 246, 243, 241, 241, 242, 241, 235, 239, 247, 237, 239, 237, 244, 243, 248, 248, 243, 245, 239, 246, 248, 247, 247, 241, 237, 245, 242, 247, 240, 242, 244, 251, 236, 244, 241, 241, 238, 246, 237, 235, 232, 235, 236, 241, 241, 244, 246, 244, 239, 235, 240, 237, 246, 246, 246, 252, 252, 259, 262, 252, 251, 248, 251, 250, 253, 247, 253, 255, 250, 252, 251, 242, 245, 240, 244, 244, 238, 239, 243, 244, 245, 248, 259, 256, 263, 258, 253, 252, 252, 258, 256, 260, 264, 249, 249, 254, 256, 254, 253, 251, 255, 257, 261, 261, 249, 250, 250, 247, 256, 250, 245, 247, 240, 240, 241, 236, 241, 232, 239, 233, 241, 240, 235, 234, 236, 240, 236, 241, 243, 232, 246, 247, 250, 251, 255, 259, 251, 260, 258, 260, 256, 255, 260, 259, 253, 262, 264, 259, 258, 253, 255, 249, 247, 244, 242, 247, 248, 251, 255, 252, 243, 250, 248, 246, 247, 248, 241, 245, 240, 244, 244, 242, 243, 245, 246, 240, 248, 246, 245, 238, 230, 237, 229, 233, 232, 231, 231, 228, 228, 232, 236, 231, 236, 233, 245, 244, 242, 241, 240, 238, 240, 234, 234, 239, 241, 234, 237, 235, 231, 234, 240, 246, 245, 243, 245, 247, 242, 242, 246, 243, 247, 248, 239, 237, 237]"
3OMM,nsga2,20,0,3528,0.0,500,"[163, 170, 171, 178, 181, 183, 190, 188, 191, 196, 204, 206, 206, 213, 210, 213, 225, 229, 234, 238, 241, 236, 237, 242, 244, 250, 253, 252, 251, 258, 255, 253, 257, 261, 262, 262, 268, 269, 273, 273, 263, 264, 266, 271, 268, 263, 271, 269, 275, 278, 272, 275, 274, 275, 275, 277, 276, 280, 279, 276, 276, 275, 277, 281, 276, 275, 279, 272, 272, 265, 258, 258, 265, 267, 274, 273, 273, 274, 276, 277, 280, 283, 281, 274, 271, 270, 274, 279, 276, 277, 273, 275, 273, 275, 272, 275, 268, 266, 275, 270, 270, 261, 258, 257, 263, 268, 261, 259, 263, 260, 264, 266, 257, 259, 261, 259, 264, 258, 253, 256, 264, 258, 255, 257, 262, 264, 261, 262, 260, 261, 264, 275, 273, 271, 266, 266, 263, 266, 271, 267, 259, 262, 260, 257, 259, 251, 264, 270, 263, 263, 265, 266, 265, 264, 268, 268, 274, 273, 277, 270, 267, 271, 269, 260, 256, 262, 264, 263, 272, 270, 265, 265, 260, 260, 261, 254, 264, 265, 259, 263, 263, 260, 258, 256, 253, 258, 258, 258, 257, 259, 256, 254, 263, 253, 262, 257, 258, 254, 253, 262, 266, 258, 263, 252, 247, 257, 255, 260, 265, 260, 259, 260, 255, 253, 259, 260, 259, 263, 257, 258, 257, 263, 266, 268, 264, 258, 258, 272, 267, 268, 268, 271, 272, 268, 267, 266, 270, 269, 268, 271, 263, 262, 268, 261, 264, 264, 266, 265, 269, 267, 263, 264, 266, 263, 266, 264, 268, 268, 268, 272, 265, 268, 262, 267, 264, 263, 263, 265, 263, 258, 257, 262, 261, 252, 246, 249, 253, 251, 253, 249, 256, 261, 265, 270, 265, 263, 267, 267, 268, 267, 266, 264, 269, 267, 267, 264, 263, 265, 262, 262, 260, 267, 270, 268, 261, 252, 256, 255, 251, 250, 245, 252, 260, 262, 265, 263, 272, 261, 263, 259, 266, 265, 259, 255, 254, 263, 260, 261, 266, 258, 260, 261, 263, 267, 258, 257, 263, 261, 260, 255, 258, 263, 265, 265, 258, 263, 269, 271, 272, 272, 276, 268, 267, 266, 270, 269, 270, 272, 263, 267, 268, 268, 262, 255, 259, 268, 265, 268, 261, 255, 258, 253, 253, 259, 259, 258, 258, 258, 263, 259, 261, 265, 263, 267, 264, 270, 276, 270, 271, 267, 268, 265, 269, 271, 267, 259, 250, 254, 261, 259, 263, 263, 261, 265, 255, 257, 255, 259, 256, 257, 254, 258, 252, 252, 253, 249, 255, 251, 258, 262, 263, 262, 258, 251, 248, 250, 252, 254, 253, 255, 259, 267, 262, 261, 255, 256, 258, 254, 253, 257, 258, 259, 257, 263, 252, 265, 259, 263, 267, 267, 268, 268, 262, 265, 267, 261, 265, 267, 267, 268, 263, 262, 264, 254, 258, 251, 253, 254, 252, 247, 256, 257, 252, 251, 253, 249, 253, 256, 254, 254, 258, 254, 252, 256, 259, 254, 255, 253, 256, 250, 253, 245, 249, 248, 247, 245, 257, 249, 249, 255]"
3OMM,nsga2,20,0,3528,0.0,500,"[169, 175, 180, 182, 185, 188, 199, 203, 204, 201, 213, 221, 227, 230, 234, 238, 239, 239, 242, 245, 244, 251, 246, 259, 255, 250, 254, 248, 255, 254, 259, 257, 258, 264, 260, 261, 260, 261, 267, 268, 267, 271, 266, 263, 262, 256, 254, 251, 256, 252, 253, 252, 247, 247, 250, 258, 265, 266, 265, 264, 266, 270, 269, 270, 271, 279, 270, 272, 269, 273, 272, 268, 267, 265, 269, 273, 269, 268, 269, 273, 276, 279, 277, 276, 281, 277, 277, 275, 268, 269, 265, 263, 266, 261, 260, 257, 251, 259, 262, 264, 265, 260, 263, 262, 263, 270, 269, 267, 270, 270, 265, 259, 252, 252, 255, 251, 250, 255, 255, 261, 261, 267, 263, 265, 265, 264, 272, 263, 259, 258, 261, 267, 263, 257, 257, 253, 256, 256, 261, 258, 260, 261, 262, 260, 261, 261, 265, 260, 252, 255, 251, 255, 260, 256, 256, 255, 259, 265, 262, 261, 273, 266, 267, 265, 270, 270, 275, 274, 272, 268, 280, 282, 281, 281, 279, 279, 279, 277, 276, 275, 272, 267, 271, 273, 272, 269, 267, 259, 266, 260, 260, 258, 266, 266, 267, 263, 261, 259, 262, 263, 262, 261, 265, 257, 262, 261, 262, 262, 265, 260, 261, 255, 260, 264, 257, 257, 263, 268, 272, 272, 272, 265, 259, 259, 255, 255, 254, 257, 256, 259, 260, 262, 267, 264, 269, 269, 269, 271, 271, 268, 270, 274, 278, 275, 277, 280, 277, 271, 271, 277, 272, 279, 274, 273, 278, 278, 279, 281, 276, 273, 271, 271, 274, 271, 272, 276, 269, 277, 279, 282, 271, 275, 274, 284, 274, 281, 274, 270, 263, 263, 256, 259, 257, 258, 255, 258, 263, 260, 253, 254, 262, 259, 259, 268, 264, 271, 258, 270, 263, 267, 267, 271, 275, 272, 279, 285, 285, 282, 281, 277, 273, 275, 272, 273, 272, 274, 273, 264, 270, 275, 275, 276, 280, 269, 275, 274, 276, 278, 269, 266, 267, 266, 267, 260, 267, 272, 270, 270, 266, 270, 272, 269, 263, 266, 261, 265, 267, 268, 262, 265, 263, 267, 263, 262, 266, 269, 265, 270, 272, 275, 270, 264, 264, 258, 259, 256, 257, 262, 262, 255, 256, 254, 260, 257, 254, 254, 253, 255, 259, 256, 260, 257, 259, 256, 259, 253, 258, 260, 261, 265, 260, 258, 261, 262, 259, 261, 265, 261, 255, 256, 256, 258, 259, 257, 257, 256, 251, 256, 258, 257, 253, 252, 251, 254, 260, 258, 259, 263, 259, 257, 263, 261, 262, 259, 255, 252, 257, 255, 258, 254, 264, 265, 268, 267, 265, 267, 263, 262, 270, 271, 271, 268, 270, 271, 267, 267, 265, 266, 266, 265, 271, 275, 272, 271, 276, 277, 277, 279, 277, 279, 276, 276, 269, 272, 276, 270, 271, 267, 271, 274, 273, 278, 278, 279, 279, 281, 273, 279, 283, 284, 287, 290, 285, 276, 274, 275, 276, 270, 274, 272, 265, 262, 264, 261, 262, 260, 263, 262, 265, 274]"
3OMM,nsga2,20,0,882,0.0,500,"[132, 135, 145, 143, 141, 149, 158, 162, 162, 164, 176, 187, 186, 190, 197, 203, 210, 209, 209, 211, 209, 209, 220, 222, 227, 229, 231, 231, 228, 220, 232, 241, 239, 237, 236, 240, 231, 233, 233, 239, 238, 238, 233, 224, 230, 232, 230, 232, 229, 229, 233, 227, 234, 236, 247, 243, 246, 242, 243, 238, 238, 239, 231, 233, 232, 229, 236, 235, 226, 233, 246, 248, 248, 250, 247, 237, 241, 234, 238, 238, 240, 240, 234, 237, 238, 233, 238, 235, 231, 233, 227, 224, 227, 223, 222, 215, 217, 217, 221, 213, 214, 210, 209, 209, 210, 208, 218, 218, 216, 217, 221, 222, 217, 217, 222, 222, 213, 205, 210, 205, 207, 207, 201, 208, 205, 200, 200, 204, 199, 196, 198, 198, 200, 201, 203, 204, 208, 212, 215, 208, 208, 210, 211, 203, 206, 207, 200, 209, 207, 210, 210, 217, 207, 206, 215, 216, 215, 216, 218, 211, 205, 205, 207, 205, 201, 205, 200, 206, 209, 204, 203, 204, 205, 205, 205, 201, 207, 201, 198, 207, 204, 213, 202, 212, 211, 203, 208, 202, 205, 217, 217, 219, 220, 216, 209, 210, 214, 209, 201, 203, 207, 206, 202, 201, 203, 205, 206, 209, 201, 211, 207, 207, 209, 213, 208, 213, 211, 205, 204, 206, 205, 208, 207, 216, 223, 222, 220, 222, 228, 231, 220, 223, 228, 228, 233, 224, 226, 217, 220, 227, 230, 226, 223, 227, 226, 218, 221, 230, 228, 231, 225, 230, 231, 229, 220, 219, 220, 220, 225, 226, 223, 215, 221, 219, 224, 221, 216, 215, 224, 216, 224, 222, 221, 223, 221, 212, 210, 215, 217, 218, 215, 210, 211, 217, 206, 209, 212, 215, 211, 209, 208, 210, 206, 208, 212, 213, 215, 218, 214, 221, 210, 213, 215, 215, 221, 214, 211, 211, 207, 209, 204, 210, 207, 207, 207, 204, 197, 204, 206, 213, 217, 215, 213, 217, 211, 215, 218, 223, 217, 221, 216, 220, 218, 218, 224, 224, 216, 219, 219, 221, 219, 216, 228, 225, 211, 214, 211, 207, 212, 202, 197, 213, 211, 215, 205, 210, 208, 209, 211, 201, 207, 210, 210, 209, 208, 212, 209, 214, 220, 223, 219, 215, 216, 210, 210, 209, 211, 213, 207, 213, 212, 210, 210, 212, 211, 206, 210, 207, 204, 211, 206, 204, 205, 209, 213, 219, 216, 213, 211, 211, 213, 214, 216, 217, 223, 221, 227, 223, 225, 223, 222, 226, 214, 216, 218, 215, 211, 212, 220, 216, 218, 211, 215, 224, 221, 213, 219, 219, 224, 230, 224, 222, 220, 212, 207, 208, 206, 210, 201, 200, 198, 195, 195, 199, 199, 194, 184, 191, 198, 193, 196, 200, 197, 206, 207, 206, 204, 199, 205, 203, 202, 204, 206, 213, 210, 214, 203, 209, 211, 214, 216, 212, 214, 213, 217, 217, 218, 228, 224, 228, 222, 221, 225, 215, 219, 218, 210, 213, 214, 217, 213, 208, 213, 208, 204, 201, 211, 217, 216, 224]"
